{"cameraMode":{"drawMode":0,"name":"Shaded","section":"Shading Mode"},"sceneLighting":true,"audioPlay":false,"sceneViewState":{"m_AlwaysRefresh":false,"showFog":true,"showSkybox":true,"showFlares":true,"showImageEffects":true,"showParticleSystems":true,"showVisualEffectGraphs":true,"m_FxEnabled":true},"in2DMode":false,"pivot":{"x":13.443068504333496,"y":1.3213049173355103,"z":34.17189407348633},"rotation":{"x":-0.09389622509479523,"y":-0.2758539915084839,"z":0.026891490444540979,"w":-0.9564215540885925},"size":1.8615137338638306,"orthographic":false}